{"cameraMode":{"drawMode":0,"name":"Shaded","section":"Shading Mode"},"sceneLighting":false,"audioPlay":false,"sceneViewState":{"m_AlwaysRefresh":false,"showFog":true,"showSkybox":false,"showFlares":true,"showImageEffects":true,"showParticleSystems":true,"showVisualEffectGraphs":true,"m_FxEnabled":true},"in2DMode":false,"pivot":{"x":4.090018272399902,"y":3.0942091941833498,"z":4.994637489318848},"rotation":{"x":0.6912342309951782,"y":0.0004514370230026543,"z":-0.0003846327599603683,"w":0.722610354423523},"size":9.164594650268555,"orthographic":false}